AFG,Qandahar,237500
AFG,Kabul,1780000
AGO,Lobito,130000
AGO,Huambo,163100
AIA,South Hill,961
ANT,Willemstad,2345
ARE,Dubai,669181
ARE,Abu Dhabi,398695
ARE,Ajman,114395
ARG,Pilar,113428
ARG,Rosario,907718
ARG,Vicente LÃ³pez,288341
ARG,Tres de Febrero,352311
ARG,JosÃ© C. Paz,221754
ARG,Berazategui,276916
ARG,CÃ³rdoba,1157507
ARG,San Isidro,306341
ARG,San NicolÃ¡s de los Arroyos,119302
ARG,ParanÃ¡,207041
ARG,Hurlingham,170028
ARG,BahÃ­a Blanca,239810
ARG,Formosa,147636
ARG,San Fernando del Valle de Cata,134935
ARG,Concordia,116485
ARG,Avellaneda,353046
ARG,Salta,367550
ARG,San Rafael,94651
ARG,Almirante Brown,538918
ARG,NeuquÃ©n,167296
ARG,GuaymallÃ©n,200595
ARG,San Miguel de TucumÃ¡n,470809
ARG,LanÃºs,469735
ARG,RÃ­o Cuarto,134355
ARM,Vanadzor,172700
ARM,Gjumri,211700
ASM,Fagatogo,2323
AUS,Adelaide,978100
AUS,Melbourne,2865329
AUS,Townsville,109914
AUS,Geelong,125382
AUS,Central Coast,227657
AUS,Canberra,322723
AUT,Innsbruck,111752
AUT,Graz,240967
AUT,Klagenfurt,91141
AZE,GÃ¤ncÃ¤,299300
Aalborg,DNK,161161
Abadan,IRN,206073
Abohar,IND,107163
Accra,GHA,1070000
Achalpur,IND,96216
Acheng,CHN,197595
Adamstown,PCN,42
Adana,TUR,1131198
Addis Abeba,ETH,2495000
Adiyaman,TUR,141529
Afyon,TUR,103984
Agadir,MAR,155244
Agartala,IND,157358
AgaÃ±a,GUM,1139
Agra,IND,891790
Ahmadpur East,PAK,96000
Ahmedabad,IND,2876710
Ahome,MEX,358663
Ahvaz,IRN,804980
Aix-en-Provence,FRA,134222
Ajmer,IND,402700
Akashi,JPN,292253
Akure,NGA,162300
Alanya,TUR,117300
Albacete,ESP,147527
Alberton,ZAF,410102
AlcorcÃ³n,ESP,142048
Alessandria,ITA,90289
Alexandria,EGY,3328196
Alger,DZA,2168000
Aligarh,IND,480520
Alkmaar,NLD,92713
Allahabad,IND,792858
Alor Setar,MYS,124412
Amadora,PRT,122106
Ambato,ECU,169612
Ambattur,IND,215424
Americana,BRA,177409
Amersfoort,NLD,126270
Amritsar,IND,708835
Anaheim,USA,328014
Anantapur,IND,174924
Angra dos Reis,BRA,96864
Ansan,KOR,510314
Anshan,CHN,1200000
Antipolo,PHL,470866
AntsirabÃ©,MDG,120239
Antwerpen,BEL,446525
Anyang,CHN,420332
AnÃ¡polis,BRA,282197
Apopa,SLV,88800
Aracaju,BRA,445555
Arad,ROM,184408
AraÂ´ar,SAU,108100
AraÃ§atuba,BRA,169303
Arequipa,PER,762000
Arica,CHL,189036
Armavir,RUS,164900
Armenia,COL,288977
Arnhem,NLD,138020
Asansol,IND,262188
Ashikaga,JPN,165243
Athenai,GRC,772072
Atibaia,BRA,100356
Atsugi,JPN,212407
AtÅ¡insk,RUS,121600
Augsburg,DEU,254867
Avadi,IND,183215
Awka,NGA,111200
Aydin,TUR,128651
BEL,Gent,224180
BEL,Mons,90935
BEL,Brugge,116246
BEL,Charleroi,200827
BEN,Porto-Novo,194000
BFA,Koudougou,105000
BGD,Tangail,106004
BGD,Naogaon,101266
BGD,Mymensingh,188713
BGD,Sirajganj,99669
BGD,Gazipur,96717
BGD,Rangpur,191398
BGD,Dinajpur,127815
BGD,Jessore,139710
BGD,Khulna,663340
BGD,Bogra,120170
BGR,Varna,299801
BGR,Plovdiv,342584
BGR,Stara Zagora,147939
BGR,Dobric,100399
BGR,Å umen,94686
BHR,al-Manama,148000
BHS,Nassau,172000
BIH,Sarajevo,360000
BLZ,Belize City,55810
BMU,Hamilton,1200
BMU,Saint George,1800
BOL,Oruro,223553
BOL,Sucre,178426
BOL,La Paz,758141
BRA,Araras,101046
BRA,Campina Grande,352497
BRA,RondonÃ³polis,155115
BRA,Diadema,335078
BRA,JundÃ­aÃ­,296127
BRA,Araguari,98399
BRA,CriciÃºma,167661
BRA,Varginha,108314
BRA,ParanaguÃ¡,126076
BRA,Teresina,691942
BRA,Canoas,294125
BRA,Indaiatuba,135968
BRA,GoiÃ¢nia,1056330
BRA,GuaratinguetÃ¡,103433
BRA,BrasÃ­lia,1969868
BRA,Itu,132736
BRA,TatuÃ­,93897
BRA,TeresÃ³polis,128079
BRA,Contagem,520801
BRA,IbiritÃ©,125982
BRA,Guarapuava,160510
BRA,SÃ£o LuÃ­s,837588
BRA,Barbacena,113079
BRA,CorumbÃ¡,90111
BRA,CuiabÃ¡,453813
BRA,Cariacica,319033
BRA,Alvorada,175574
BRA,NiterÃ³i,459884
BRA,MaringÃ¡,286461
BRA,Caucaia,238738
BRA,Campo Grande,649593
BRA,Vila Velha,318758
BRA,Belford Roxo,425194
BRA,Caruaru,244247
BRA,ViamÃ£o,207557
BRA,Sete Lagoas,182984
BRA,GuarujÃ¡,237206
BRA,Pouso Alegre,100028
BRA,MauÃ¡,375055
BRA,IlhÃ©us,254970
BRA,Santa Luzia,164704
BRA,Imperatriz,224564
BRA,RibeirÃ£o Pires,108121
BRA,FlorianÃ³polis,281928
BRA,Nova Friburgo,170697
BRA,CubatÃ£o,102372
BRA,Palmas,121919
BRA,Parnamirim,96210
BRA,RibeirÃ£o das Neves,232685
BRA,MossorÃ³,214901
BRA,Santa BÃ¡rbara dÂ´Oeste,171657
BRA,Camaragibe,118968
BRA,Jacobina,96131
BRA,Boa Vista,167185
BRA,MacaÃ©,125597
BRA,JequiÃ©,179128
BRA,Sobral,146005
BRA,AraguaÃ­na,114948
BRA,PetrÃ³polis,279183
BRA,CametÃ¡,92779
BRA,Cotia,140042
BRA,SÃ£o Bernardo do Campo,723132
BRA,JaraguÃ¡ do Sul,102580
BRA,EunÃ¡polis,96610
BRA,Lauro de Freitas,109236
BRA,Santa Cruz do Sul,106734
BRA,Conselheiro Lafaiete,97507
BRA,Sapucaia do Sul,120217
BRA,Suzano,195434
BRA,MacapÃ¡,256033
BRA,SÃ£o JoÃ£o de Meriti,440052
BRA,Campinas,950043
BRA,SertÃ£ozinho,98140
BRA,Manaus,1255049
BRA,Pindamonhangaba,121904
BRA,Linhares,106278
BRA,Porto Velho,309750
BRA,HortolÃ¢ndia,135755
BRA,TaboÃ£o da Serra,197550
BRA,PoÃ§os de Caldas,129683
BRA,Feira de Santana,479992
BRA,GuaÃ­ba,92224
BRA,Santa Rita,113135
BRA,Votorantim,91777
BRA,Toledo,99387
BRA,NilÃ³polis,153383
BRA,Curitiba,1584232
BRA,SantarÃ©m,241771
BRA,Salvador,2302832
BRA,Ponta Grossa,268013
BRA,SumarÃ©,186205
BRA,VÃ¡rzea Grande,214435
BRA,Alagoinhas,126820
BRA,Rio Verde,107755
BRA,Barra Mansa,168953
BRA,Patos de Minas,119262
BRA,Bento GonÃ§alves,89254
BRA,Arapiraca,178988
BRA,Santos,408748
BRA,Juazeiro do Norte,199636
BRA,JaboatÃ£o dos Guararapes,558680
BRA,Paulista,248473
BRA,CamaÃ§ari,149146
BRA,Ituiutaba,90507
BRA,SÃ£o Carlos,187122
BRA,SÃ£o JosÃ© do Rio Preto,351944
BWA,Francistown,101805
BWA,Gaborone,213017
Babol,IRN,158346
Bacabal,BRA,93121
Bacoor,PHL,305699
Badajoz,ESP,136613
Baghdad,IRQ,4336000
BagÃ©,BRA,120793
Bahawalnagar,PAK,109600
Bahraich,IND,135400
Bakersfield,USA,247057
Baku,AZE,1787800
Baliuag,PHL,119675
Balti,MDA,153400
Balurghat,IND,119796
Bamako,MLI,809552
Bandar-e Anzali,IRN,98500
Bandar-e-Abbas,IRN,273578
Bani Suwayf,EGY,172032
Banjarmasin,IDN,482931
Banyuwangi,IDN,89900
Baotou,CHN,980000
Baquba,IRQ,114516
Barcelona,VEN,322267
Barinas,VEN,217831
Barra do PiraÃ­,BRA,89388
Barretos,BRA,104156
Barueri,BRA,208426
Basildon,GBR,100924
Basra,IRQ,406296
Batam,IDN,91871
Batna,DZA,183377
Bauru,BRA,313670
Bayambang,PHL,96609
BeiÂ´an,CHN,204899
Bekasi,IDN,644300
Belfast,GBR,287500
Bello,COL,333470
Bene Beraq,ISR,133900
Bengkulu,IDN,146439
Beni-Mellal,MAR,140212
Benin City,NGA,229400
Beograd,YUG,1204000
Berdjansk,UKR,130000
Berhampore (Baharampur),IND,115144
Bern,CHE,122700
Betim,BRA,302108
Bharatpur,IND,148519
Bhilai,IND,386159
Bhir (Bid),IND,112434
Bhusawal,IND,145143
Bihar Sharif,IND,201323
Bikaner,IND,416289
Bilaspur,IND,179833
Biratnagar,NPL,157764
Birigui,BRA,94685
Bislig,PHL,97860
Bismil,TUR,101400
Blackburn,GBR,140000
Blantyre,MWI,478155
Blumenau,BRA,244379
Bobo-Dioulasso,BFA,300000
Boca del RÃ­o,MEX,135721
Bogor,IDN,285114
Bologna,ITA,381161
Bonn,DEU,301048
Bordeaux,FRA,215363
Boston,USA,589141
Botshabelo,ZAF,177971
Bottrop,DEU,121097
Boulogne-Billancourt,FRA,106367
Bozhou,CHN,106346
Brahmanbaria,BGD,109032
Brahmapur,IND,210418
Brasov,ROM,314225
Brazzaville,COG,950000
Bremen,DEU,540330
Brest,BLR,286000
Brighton,GBR,156124
Brownsville,USA,139722
Bruxelles [Brussel],BEL,133859
Budapest,HUN,1811552
Buenaventura,COL,224336
Buga,COL,110699
Bulandshahr,IND,127201
Burhanpur,IND,172710
Burnaby,CAN,179209
Buzau,ROM,148372
BÃ¦rum,NOR,101340
BÃ©char,DZA,107311
CAN,Vancouver,514008
CAN,Burlington,145150
CAN,Markham,189098
CAN,Ottawa,335277
CAN,Brampton,296711
CAN,Calgary,768082
CAN,Edmonton,616306
CAN,Nepean,115100
CAN,Guelph,103593
CAN,Winnipeg,618477
CAN,Kitchener,189959
CAN,Hamilton,335614
CAN,Abbotsford,105403
CAN,Saint Catharines,136216
CAN,Halifax,113910
CAN,QuÃ©bec,167264
CAN,Kelowna,89442
CAN,Saanich,101388
CAN,Thunder Bay,115913
CAN,Vaughan,147889
CAN,Sudbury,92686
CHL,Santiago de Chile,4703954
CHL,Puerto Montt,152194
CHL,Temuco,233041
CHL,Melipilla,91056
CHL,La Serena,137409
CHL,Talca,187557
CHL,ConcepciÃ³n,217664
CHL,CopiapÃ³,120128
CHL,Puente Alto,386236
CHL,Talcahuano,277752
CHL,Punta Arenas,125631
CHL,Ovalle,94854
CHL,Los Angeles,158215
CHN,Shenzhen,950500
CHN,Xinyu,173524
CHN,Luzhou,262892
CHN,DaÂ´an,138963
CHN,Linyi,324720
CHN,Fushun,1200000
CHN,Baoding,483155
CHN,Laizhou,198664
CHN,Zhumadian,123232
CHN,Dalian,2697000
CHN,Amoy [Xiamen],627500
CHN,LiuÂ´an,144248
CHN,Zhongshan,278829
CHN,Shihezi,299676
CHN,Suzhou,151862
CHN,Huangshi,457601
CHN,Yuzhou,92889
CHN,Linqing,123958
CHN,Tongchuan,280657
CHN,Yixing,200824
CHN,Beipiao,194301
CHN,Zhengzhou,2107200
CHN,Yangquan,362268
CHN,Liangcheng,156307
CHN,Huangyan,89288
CHN,Huaiyin,239675
CHN,Zhangzhou,181424
CHN,Jiaohe,176367
CHN,Ankang,142170
CHN,Zhoukou,146288
CHN,Huainan,700000
CHN,Sanya,102820
CHN,Zhangjiakou,530000
CHN,Yueyang,302800
CHN,Jiutai,180130
CHN,Hanzhong,169930
CHN,Shashi,281352
CHN,Anqing,250718
CHN,Baoji,337765
CHN,Loudi,128418
CHN,Zigong,393184
CHN,Longyan,134481
CHN,Zhoushan,156317
CHN,HuaiÂ´an,131149
CHN,Dujiangyan,123357
CHN,Jiangmen,230587
CHN,Deyang,182488
CHN,Hohhot,916700
CHN,Fuzhou,1593800
CHN,Panzhihua,415466
CHN,Xiangtan,441968
CHN,Hebi,212976
CHN,Jiaozuo,409100
CHN,Pingxiang,425579
CHN,Xuchang,208815
CHN,YongÂ´an,111762
CHN,Zixing,110048
CHN,Meihekou,209038
CHN,Luoyang,760000
CHN,Changzhou,530000
CHN,Pingdu,150123
CHN,Pingliang,99265
CHN,Tongliao,255129
CHN,Yichang,371601
CHN,Yuyao,114065
CHN,Chongqing,6351600
CHN,Qianjiang,205504
CHN,Zaoyang,162198
CHN,Mishan,132744
CHN,Hengshui,104269
CHN,Cixi,107329
CHN,Kunming,1829500
CHN,JiÂ´an,148583
CHN,Luohe,126438
CHN,Jieyang,98531
CHN,Bose,93009
CHN,Qingyuan,164641
CHN,Beihai,112673
CHN,Fuxin,640000
CHN,Jinchang,105287
CHN,Duyun,132971
CHN,Dezhou,195485
CHN,Hangzhou,2190500
CHN,Shaoguan,350043
CHN,Binzhou,133555
CHN,Guigang,114025
CHN,Lanzhou,1565800
CHN,Xuzhou,810000
CHN,Qitaihe,214957
CHN,Lengshuijiang,137994
CHN,Gongziling,226569
CHN,Nanning,1161800
CHN,Lianyungang,354139
CHN,Huaihua,126785
CHN,Yibin,241019
CHN,Jinzhou,570000
CHN,Qinhuangdao,364972
CHN,Dongtai,192247
CHN,Leiyang,130115
CHN,Changzhi,317144
CHN,Jinhua,144280
CHN,Harbin,4289800
CHN,Meixian,132156
CHN,Korla,159344
CHN,Shaowu,90286
CHN,Ezhou,190123
CHN,Zhucheng,102134
CHN,Kaifeng,510000
CHN,Lhasa,120000
CHN,Yangzhou,312892
CHN,Yancheng,296831
CHN,Huzhou,218071
CHN,Sanmenxia,120523
CHN,Putian,91030
CHN,Huizhou,161023
CHN,Xiaogan,166280
CHN,Shuangyashan,386081
CHN,Hongjiang,116188
CHN,Xingcheng,102384
CHN,Xianyang,352125
CHN,Hefei,1369100
CHN,Zunyi,261862
CHN,Benxi,770000
CHN,Nanking [Nanjing],2870300
CHN,Dongwan,308669
CHN,Jinmen,160794
CHN,Jilin,1040000
CHN,Heze,189293
CHN,Zhangjiagang,97994
CHN,Tianshui,244974
CHN,Zhaodong,179976
CHN,Lianyuan,118858
CHN,Jinzhou,95761
CHN,Shishou,104571
CHN,Shanwei,107847
CHN,Peking,7472000
CHN,Hengyang,487148
CHN,Bengbu,449245
CHN,Jining,265248
CHN,Rizhao,185048
CHN,Junan,90222
CHN,Fengcheng,193784
CHN,Yangjiang,215196
CHN,Puyang,175988
CHN,Pingdingshan,410775
CHN,Xiantao,222884
CHN,Tianmen,186332
CHN,Maoming,178683
CHN,Guilin,364130
CHN,Yumen,109234
CHN,Dali,136554
CHN,Shaoyang,247227
CHN,Aqsu,164092
CHN,Qashqar,174570
CHN,Chengdu,3361500
CHN,Xichang,134419
CMR,Bamenda,138000
CMR,YaoundÃ©,1372800
CMR,Bafoussam,131000
COD,Matadi,172730
COD,Kolwezi,417810
COD,Kalemie,101309
COD,Boma,135284
COD,Likasi,299118
COD,Kinshasa,5064000
COD,Bukavu,201569
COD,Uvira,115590
COG,Pointe-Noire,500000
COK,Avarua,11900
COL,Bucaramanga,515555
COL,Cartago,125884
COL,Villavicencio,273140
COL,Florencia,108574
COL,Pasto,332396
COL,Giron,90688
COL,MedellÃ­n,1861265
COL,MonterÃ­a,248245
COL,Floridablanca,221913
COL,Dos Quebradas,159363
COL,Barrancabermeja,178020
COL,Santa Marta,359147
COL,Neiva,300052
COL,ItagÃ¼Ã­,228985
COL,CÃºcuta,606932
COL,Tunja,109740
Cabo de Santo Agostinho,BRA,149964
Cachoeiro de Itapemirim,BRA,155024
Cadiz,PHL,141954
Caen,FRA,113987
Caguas,PRI,140502
Cainta,PHL,242511
Calcutta [Kolkata],IND,4399819
Cali,COL,2077386
Cam Pha,VNM,209086
CamagÃ¼ey,CUB,298726
Campos dos Goytacazes,BRA,398418
Cangzhou,CHN,242708
Caracas,VEN,1975294
Cartagena,COL,805757
CarÃºpano,VEN,119639
Casablanca,MAR,2940623
Cascavel,BRA,237510
Castanhal,BRA,127634
Catanduva,BRA,107761
Catanzaro,ITA,96700
Cayenne,GUF,50699
Centro (Villahermosa),MEX,519873
Chalco,MEX,222201
Champdani,IND,98818
Chandannagar,IND,120378
Changde,CHN,301276
Changji,CHN,132260
Changshu,CHN,181805
Chaozhou,CHN,313469
ChapecÃ³,BRA,144158
Chatsworth,ZAF,189885
Chengde,CHN,246799
Chenzhou,CHN,169400
Chiayi,TWN,265109
Chiba,JPN,863930
Chifeng,CHN,350077
Chihuahua,MEX,670208
Chimoio,MOZ,171056
Chinhae,KOR,125997
Chishtian Mandi,PAK,101700
Chittagong,BGD,1392860
Chittoor,IND,133462
Chong-up,KOR,139111
Chonju,KOR,563153
ChorzÃ³w,POL,121708
Chungli,TWN,318649
ChÃ¤rjew,TKM,189200
Ciego de Ãvila,CUB,98505
Cilacap,IDN,206900
Ciomas,IDN,187400
Ciparay,IDN,111500
Cluj-Napoca,ROM,332498
Coatzacoalcos,MEX,267037
Cochabamba,BOL,482800
Cockburn Town,TCA,4800
CodÃ³,BRA,103153
Colatina,BRA,107354
Colombo,LKA,645000
Colorado Springs,USA,360890
Columbia,USA,116278
Columbus,USA,186291
Concord,USA,121780
Coquitlam,CAN,101820
Cosoleacaque,MEX,97199
Cotonou,BEN,536827
Coventry,GBR,304000
Crawley,GBR,97000
CuautitlÃ¡n Izcalli,MEX,452976
Cuautla,MEX,153132
Cuddalore,IND,153086
Cuddapah,IND,121463
Cuenca,ECU,270353
CuliacÃ¡n,MEX,744859
CuricÃ³,CHL,115766
DMA,Roseau,16243
DOM,La Romana,140204
DOM,San Pedro de MacorÃ­s,124735
DZA,Biskra,128281
DZA,SÃ©tif,179055
DZA,TÃ©bessa,112007
DZA,Blida (el-Boulaida),127284
DZA,Tiaret,100118
DZA,Oran,609823
DZA,Constantine,443727
DZA,Ech-Chleff (el-Asnam),96794
Daqing,CHN,660000
Darbhanga,IND,218391
Dehra Dun,IND,270159
Delhi Cantonment,IND,94326
Delicias,MEX,116132
Delmas,HTI,240429
Delta,CAN,95411
Depok,IDN,365200
Depok,IDN,106800
Dera Ghazi Khan,PAK,188100
Derbent,RUS,92300
Dese,ETH,97314
Dhule (Dhulia),IND,278317
Disuq,EGY,91300
DivinÃ³polis,BRA,185047
Djibouti,DJI,383000
Dniprodzerzynsk,UKR,270000
Dongying,CHN,281728
Douala,CMR,1448300
Douglas,GBR,23487
Dourados,BRA,164716
Dudley,GBR,192171
Dumaguete,PHL,102265
Dunedin,NZL,119600
Duque de Caxias,BRA,746758
Durban,ZAF,566120
Durgapur,IND,425836
DÃ¼ren,DEU,91092
ECU,Quevedo,129631
ECU,Machala,210368
ECU,Milagro,124177
ECU,Santo Domingo de los Colorados,202111
ECU,Guayaquil,2070040
ECU,Manta,164739
ECU,Esmeraldas,123045
EGY,Idfu,94200
EGY,Giza,2221868
EGY,Shubra al-Khayma,870716
EGY,Banha,145792
EGY,Damanhur,212203
EGY,Mallawi,119283
EGY,Talkha,97700
EGY,al-Mahallat al-Kubra,395402
EGY,al-Arish,100447
EGY,Assuan,219017
EGY,Qina,171275
EGY,Bulaq al-Dakrur,148787
EGY,al-Faiyum,260964
EGY,Asyut,343498
EGY,Luxor,360503
ERI,Asmara,431000
ESP,Valladolid,319998
ESP,Barakaldo,98212
ESP,Las Palmas de Gran Canaria,354757
ESP,GijÃ³n,267980
ESP,Pamplona [IruÃ±a],180483
ESP,Alicante [Alacant],272432
ESP,MatarÃ³,104095
ESP,Burgos,162802
ESP,Oviedo,200453
ESP,A CoruÃ±a (La CoruÃ±a),243402
ESP,Bilbao,357589
ESP,Badalona,209635
ESP,Sevilla,701927
ESP,Huelva,140583
ESP,LeÃ³n,139809
ESP,Dos Hermanas,94591
ESP,Sabadell,184859
ESP,AlcalÃ¡ de Henares,164463
ESP,Tarragona,113016
ESP,Fuenlabrada,171173
ESP,Getafe,145371
ESP,Lleida (LÃ©rida),112207
ESP,[San CristÃ³bal de] la Laguna,127945
ESP,Madrid,2879052
ESP,Donostia-San SebastiÃ¡n,179208
ETH,Dire Dawa,164851
ETH,Nazret,127842
ETH,Mekele,96938
East London,ZAF,221047
East York,CAN,114034
Ebina,JPN,115571
Ecatepec de Morelos,MEX,1620303
Ejigbo,NGA,105900
Ekibastuz,KAZ,127200
El Araich,MAR,90400
Elche [Elx],ESP,193174
ElÃ¢zig,TUR,228815
Embu,BRA,222223
Enshi,CHN,93056
Enugu,NGA,316100
Envigado,COL,135848
Epe,NGA,101000
Erode,IND,159232
Escobar,ARG,116675
Essen,DEU,599515
Exeter,GBR,111000
Ezeiza,ARG,99578
FJI,Suva,77366
FRO,TÃ³rshavn,14542
Fargona,UZB,180500
Fengyuan,TWN,161032
Ferraz de Vasconcelos,BRA,139283
Flint,USA,124943
Florencio Varela,ARG,315432
Foggia,ITA,154891
ForlÃ¬,ITA,107475
Fort Worth,USA,534694
Fortaleza,BRA,2097757
Foshan,CHN,303160
Foz do IguaÃ§u,BRA,259425
Freiburg im Breisgau,DEU,202455
Fuji,JPN,231527
Fujin,CHN,103104
Fukaya,JPN,102156
Fukuyama,JPN,376921
Fuling,CHN,173878
Funabashi,JPN,545299
Fuyang,CHN,179572
FÃ¼rth,DEU,109771
GBR,Birkenhead,93087
GBR,Edinburgh,450180
GBR,Birmingham,1013000
GBR,Aberdeen,213070
GBR,Newport,139000
GBR,Kingston upon Hull,262000
GBR,Wolverhampton,242000
GBR,Ipswich,114000
GBR,Leicester,294000
GBR,Poole,141000
GBR,Oldbury/Smethwick (Warley),145542
GBR,Rotherham,121380
GBR,Cheltenham,106000
GBR,London,7285000
GBR,Worcester,95000
GBR,Eastbourne,90000
GBR,Swindon,180000
GBR,Gloucester,107000
GBR,Gillingham,92000
GBR,Bournemouth,162000
GBR,Blackpool,151000
GBR,Bristol,402000
GBR,Portsmouth,190000
GBR,Woking/Byfleet,92000
GBR,Norwich,124000
GBR,Grimsby,89000
GBR,Dundee,146690
GBR,Oxford,144000
GBR,Southampton,216000
GBR,Nottingham,287000
GBR,Leeds,424194
GBR,Luton,183000
GBR,York,104425
GBR,Worthing,100000
GBR,Chelmsford,97451
GEO,Batumi,137700
GEO,Tbilisi,1235200
GHA,Kumasi,385192
GHA,Tamale,151069
GIB,Gibraltar,27025
GIN,Conakry,1090610
GLP,Basse-Terre,12433
GLP,Les Abymes,62947
GMB,Banjul,42326
GTM,Quetzaltenango,90801
GTM,Ciudad de Guatemala,823301
Gandhinagar,IND,123359
Ganzhou,CHN,220129
Garden Grove,USA,165196
Gdansk,POL,458988
Gdynia,POL,253521
General San MartÃ­n,ARG,422542
George Town,CYM,19600
Georgetown,GUY,254000
Gera,DEU,114718
Germiston,ZAF,164252
Ghaziabad,IND,454156
Ghulja,CHN,177193
Gilbert,USA,109697
Gliwice,POL,212164
Gloucester,CAN,107314
Godhra,IND,96813
Goma,COD,109094
Gothenburg [GÃ¶teborg],SWE,466990
Granada,ESP,244767
Grenoble,FRA,153317
Groningen,NLD,172701
Guadalupe,MEX,108881
Guarenas,VEN,165889
Guarulhos,BRA,1095874
Guasave,MEX,277201
Guaymas,MEX,130108
Gujranwala,PAK,1124749
Gujrat,PAK,250121
Guwahati (Gauhati),IND,584342
Gwalior,IND,690765
GÃ¶ttingen,DEU,124775
GÃ¼tersloh,DEU,95028
HKG,Kowloon and New Kowloon,1987996
HND,Tegucigalpa,813900
HTI,Le-Cap-HaÃ¯tien,102233
HTI,Port-au-Prince,884472
Haag,NLD,440900
Haarlemmermeer,NLD,110722
Habikino,JPN,118968
Hagonoy,PHL,111425
Haicheng,CHN,205560
Hailun,CHN,133565
Haining,CHN,100478
Haldia,IND,100347
Halifax,GBR,91069
Hami,CHN,161315
Hanoi,VNM,1410000
Haora (Howrah),IND,950435
Harkova [Harkiv],UKR,1500000
Hat Yai,THA,148632
Hegang,CHN,520000
Heidelberg,DEU,139672
Helsingborg,SWE,117737
Hermosillo,MEX,608697
Hims,SYR,507404
Hindupur,IND,104651
Hiratsuka,JPN,254207
Hobart,AUS,126118
Hong Gai,VNM,127484
Honghu,CHN,190772
Honiara,SLB,50100
Hoshiarpur,IND,122705
Hradec KrÃ¡lovÃ©,CZE,98080
Huaibei,CHN,366549
Hualien,TWN,108407
Huangshan,CHN,102628
Huddersfield,GBR,143726
HuÃ¡nuco,PER,129688
IDN,Ujung Pandang,1060257
IDN,Pematang Siantar,203056
IDN,Kupang,129300
IDN,Tanjung Pinang,89900
IDN,Magelang,123800
IDN,Jombang,92600
IDN,Malang,716862
IDN,Denpasar,435000
IDN,Cibinong,101300
IDN,Pemalang,103500
IDN,Ambon,249312
IDN,Garut,95800
IDN,Balikpapan,338752
IDN,Cimanggis,205100
IDN,Pekan Baru,438638
IDN,Ciputat,270800
IDN,Samarinda,399175
IDN,Padang,534474
IDN,Pondok Aren,92700
IDN,Purwakarta,95900
IDN,Lhokseumawe,109600
IDN,Sukabumi,125766
IDN,Cimahi,344600
IDN,Tasikmalaya,179800
IDN,Palembang,1222764
IDN,Jakarta,9604900
IDN,Citeureup,105100
IDN,Banda Aceh,143409
IDN,Pekalongan,301504
IDN,Probolinggo,120770
IDN,Binjai,127222
IDN,Jaya Pura,94700
IDN,Karawang,145000
IDN,Cilegon,117000
IDN,Pondokgede,263200
IDN,Padang Sidempuan,91200
IDN,Surabaya,2663820
IND,Raipur,438639
IND,Purnea (Purnia),114912
IND,Dibrugarh,120127
IND,Faridabad,703592
IND,Ingraj Bazar (English Bazar),139204
IND,Barasat,107365
IND,Kolhapur,406370
IND,Navadwip,125037
IND,Bhatpara,304952
IND,Hardwar (Haridwar),147305
IND,Faizabad,124437
IND,Mandya,120265
IND,Firozabad,215128
IND,Sikar,148272
IND,Jalgaon,242193
IND,Hospet,96322
IND,Pune,1566651
IND,Khandwa,145133
IND,Barrackpur,133265
IND,Bhimavaram,121314
IND,Bhind,109755
IND,Orai,98640
IND,Shambajinagar (Aurangabad),573272
IND,Patna,917243
IND,Chandigarh,504094
IND,Cochin (Kochi),564589
IND,Bellary,245391
IND,Bharuch (Broach),133102
IND,Neyveli,118080
IND,Valparai,106523
IND,Vishakhapatnam,752037
IND,Aizawl,155240
IND,Bangalore,2660088
IND,Ranchi,599306
IND,Miraj,125407
IND,Nellore,316606
IND,Panipat,215218
IND,Chapra,136877
IND,Raurkela Civil Township,140408
IND,Raigarh,89166
IND,Panihati,275990
IND,Habra,100223
IND,Shivapuri,108277
IND,Bidar,108016
IND,Nanded (Nander),275083
IND,Varanasi (Benares),929270
IND,Rewa,128981
IND,Thiruvananthapuram (Trivandrum,524006
IND,Rishra,102649
IND,Sagar,195346
IND,Tiruppur (Tirupper),235661
IND,Qutubullapur,105380
IND,Chandrapur,226105
IND,Kanchrapara,100194
IND,Yamuna Nagar,144346
IND,Ambala Sadar,90712
IND,Kanpur,1874409
IND,Amravati,421576
IND,Bhopal,1062771
IND,Kalyan,1014557
IND,Arrah (Ara),157082
IND,Yeotmal (Yavatmal),108578
IND,Hisar (Hissar),172677
IND,Bhatinda (Bathinda),159042
IND,Ambala,122596
IND,Basirhat,101409
IND,Farrukhabad-cum-Fatehgarh,194567
IND,Mumbai (Bombay),10500000
IND,Mathura,226691
IND,Allappuzha (Alleppey),174666
IND,Warangal,447657
IND,Patiala,238368
IND,Gurgaon,128608
IND,Budaun,116695
IND,Titagarh,114085
IND,Bhubaneswar,411542
IND,Shimoga,179258
IND,Kamarhati,266889
IND,Gulbarga,304099
IND,Gadag Betigeri,134051
IND,Halisahar,114028
IND,Bansberia,93447
IND,Bokaro Steel City,333683
IND,Navsari,126089
IND,Santipur,109956
IND,Bally,184474
IND,Vidisha,92917
IND,Nashik (Nasik),656925
IND,Saharanpur,374945
IND,Palghat (Palakkad),123289
IND,Akola,328034
IND,Adoni,136182
IND,Sambhal,150869
IND,Kharagpur,177989
IND,Pilibhit,106605
IND,Bhiwandi,379070
IND,Ramagundam,214384
IND,Timkur,138903
IND,Gaya,291675
IND,Palayankottai,97662
IND,Bhagalpur,253225
IND,Uluberia,155172
IND,Alwar,205086
IND,Jaunpur,136062
IND,Durg,150645
IND,Noida,146514
IND,Chennai (Madras),3841396
IND,Patan,96109
IND,Tirupati,174369
IND,Etawah,124072
IND,Meerut Cantonment,94876
IND,Hassan,90803
IND,Sambalpur,131138
IND,Gandhidham,104585
IND,Pallavaram,111866
IND,Secunderabad,167461
IND,Sitapur,121842
IND,North Barrackpur,100513
IND,Indore,1091674
IND,North Dum Dum,149965
IND,Gudivada,101656
IND,Coimbatore,816321
IND,Chhindwara,93731
IND,Nadiad,167051
IND,Guntur,471051
IND,Muzaffarnagar,240609
IND,Tuticorin,199854
IND,Bhavnagar,402338
IND,Dindigul,182477
IND,Mandasor,95758
IND,Raj Nandgaon,125371
IND,Jalna,174985
IND,Pondicherry,203065
IND,Siliguri (Shiliguri),216950
IND,Machilipatnam (Masulipatam),159110
IND,Hazaribag,97712
IND,Nagar Coil,190084
IND,Haldwani-cum-Kathgodam,104195
IND,Bhilwara,183965
IND,Ujjain,362266
IND,Ganganagar,161482
IND,Jodhpur,666279
IND,Porbandar,116671
IND,Meerut,753778
IND,Hugli-Chinsurah,151806
IND,Gorakhpur,505566
IRL,Dublin,481854
IRN,Bukan,120020
IRN,Rasht,417748
IRN,Arak,380755
IRN,Khoy,148944
IRN,Najafabad,178498
IRN,Gonbad-e Qabus,111253
IRN,Khorramabad,272815
IRN,Qarchak,142690
IRN,Teheran,6758845
IRN,Zanjan,286295
IRN,Andimeshk,106923
IRN,Zabol,100887
IRN,Malayer,144373
IRN,Amol,159092
IRN,Eslamshahr,265450
IRN,Gorgan,188710
IRN,Saveh,111245
IRN,Dezful,202639
IRN,Jahrom,94200
IRN,Maragheh,132318
IRN,Kermanshah,692986
IRN,Marv Dasht,103579
IRN,Rafsanjan,98300
IRN,Shiraz,1053025
IRN,Semnan,91045
IRN,Qom,777677
IRN,Ardebil,340386
IRN,Mashhad,1887405
IRN,Bojnurd,134835
IRQ,Mosul,879000
IRQ,al-Hilla,268834
IRQ,al-Nasiriya,265937
IRQ,al-Ramadi,192556
IRQ,al-Sulaymaniya,364096
IRQ,Irbil,485968
ISR,Netanya,154900
ISR,Ashdod,155800
ISR,Jerusalem,633700
ISR,Beerseba,163700
ISR,Tel Aviv-Jaffa,348100
ISR,Ramat Gan,126900
ITA,Pesaro,88987
ITA,Ferrara,132127
ITA,Vicenza,109738
ITA,Ancona,98329
ITA,Trento,104906
ITA,Reggio nellÂ´ Emilia,143664
ITA,Taranto,208214
ITA,Padova,211391
ITA,Monza,119516
ITA,Cesena,89852
ITA,Barletta,91904
ITA,Roma,2643581
ITA,Brindisi,93454
ITA,La Spezia,95504
ITA,Catania,337862
ITA,Modena,176022
ITA,Rimini,131062
ITA,Lecce,98208
ITA,Latina,114099
ITA,Firenze,376662
ITA,Cagliari,165926
ITA,Milano,1300977
ITA,Messina,259156
ITA,Andria,94443
ITA,Livorno,161673
ITA,Palermo,683794
Ibarra,ECU,130643
Ibb,YEM,103300
Ica,PER,194820
Ichihara,JPN,279280
Iguala de la Independencia,MEX,123883
Ikare,NGA,140800
Ikoma,JPN,111645
Ikorodu,NGA,184900
Iksan,KOR,322685
Ila,NGA,264000
Ilam,IRN,126346
Iloilo,PHL,365820
Imus,PHL,195482
Iquique,CHL,177892
Iquitos,PER,367000
Isehara,JPN,98123
Isparta,TUR,121911
Istanbul,TUR,8787958
ItaboraÃ­,BRA,173977
Itabuna,BRA,182148
Itaituba,BRA,101320
Itapetininga,BRA,119391
Izmit (Kocaeli),TUR,210068
Izumi,JPN,166979
JAM,Portmore,99799
JOR,Amman,1000000
JOR,al-Zarqa,389815
JOR,Wadi al-Sir,89104
JPN,Matsubara,135010
JPN,Shimizu,239123
JPN,Otaru,155784
JPN,Hiroshima,1119117
JPN,Ibaraki,261020
JPN,Sakai,797735
JPN,Anjo,153823
JPN,Yokkaichi,288173
JPN,Ishinomaki,120963
JPN,Yonezawa,95592
JPN,Sakura,168072
JPN,Ueda,124217
JPN,Oita,433401
JPN,Zama,122046
JPN,Abiko,126670
JPN,Ogaki,151758
JPN,Sasebo,244240
JPN,Tsu,164543
JPN,Toyohashi,360066
JPN,Sagamihara,586300
JPN,Matsuyama,466133
JPN,Hino,166770
JPN,Ebetsu,118805
JPN,Miyakonojo,133183
JPN,Imabari,119357
JPN,Ichikawa,441893
JPN,Naha,299851
JPN,Seto,130470
JPN,Isahaya,93058
JPN,Hamamatsu,568796
JPN,Maebashi,284473
JPN,Kishiwada,197276
JPN,Osaka,2595674
JPN,Yamagata,255617
JPN,Niiza,147744
JPN,Yaizu,117258
JPN,Gifu,408007
JPN,Hitachinaka,148006
JPN,Kanuma,93053
JPN,Sakata,101651
JPN,Tokai,99738
JPN,Kure,206504
JPN,Itami,190886
JPN,Takasago,97632
JPN,Kawaguchi,452155
JPN,Fujieda,126897
JPN,Asahikawa,364813
JPN,Koganei,110969
JPN,Himeji,475167
JPN,Yatsushiro,107661
JPN,Akita,314440
JPN,Komaki,139827
JPN,Hirosaki,177522
JPN,Mito,246559
JPN,Kamakura,167661
JPN,Omuta,142889
JPN,Tajimi,103171
JPN,Kasugai,282348
JPN,Handa,108600
JPN,Obihiro,173685
JPN,Daito,130594
JPN,Chofu,201585
JPN,Akishima,106914
JPN,Koriyama,330335
JPN,Aizuwakamatsu,119287
JPN,Yamaguchi,138210
JPN,Toyama,325790
JPN,Okinawa,117748
JPN,Matsumoto,206801
JPN,Kitami,111295
JPN,Mobara,91664
JPN,Asaka,114815
JPN,Musashino,134426
JPN,Aomori,295969
JPN,Yao,276421
JPN,Sanda,105643
JPN,Tsuruoka,100713
JPN,Tokorozawa,325809
JPN,Isesaki,123285
JPN,Ube,175206
JPN,Kurashiki,425103
JPN,Fuchu,220576
JPN,Tachikawa,159430
JPN,Toyota,346090
JPN,Higashiosaka,517785
JPN,Tama,146712
JPN,Kuwana,106121
JPN,Takatsuki,361747
JPN,Amagasaki,481434
JPN,Iida,107583
JPN,Soka,222768
JPN,Nagoya,2154376
JPN,Sayama,162472
JPN,Numazu,211382
JPN,Kitakyushu,1016264
JPN,Kakogawa,266281
JPN,Beppu,127486
JPN,Toyonaka,396689
JPN,Fujisawa,372840
JPN,Ise,101732
JPN,Tsuyama,91170
JPN,Konan,95521
JPN,Inazawa,98746
JPN,Kobe,1425139
JPN,Kushiro,197608
JPN,Onomichi,93756
Jaffna,LKA,149000
Jaipur,IND,1458483
Jakutsk,RUS,195400
Jalandhar (Jullundur),IND,509510
Jamestown,SHN,1500
Jammu,IND,214737
Jamnagar,IND,341637
JaÃº,BRA,109965
Jerez de la Frontera,ESP,182660
Jessentuki,RUS,97900
Jevpatorija,UKR,112000
Jhansi,IND,300850
Jhelum,PAK,145800
Jiangyin,CHN,213659
Jiangyou,CHN,175753
Jiaonan,CHN,121397
Jinan,CHN,2278100
Jincheng,CHN,136396
Jingdezhen,CHN,281183
Jirja,EGY,95400
Joetsu,JPN,133505
Johannesburg,ZAF,756653
Joinville,BRA,428011
Jokohama [Yokohama],JPN,3339594
JoÃ£o Pessoa,BRA,584029
Juazeiro,BRA,201073
JuÃ¡rez,MEX,1217818
KAZ,Taraz,330100
KAZ,Astana,311200
KAZ,Semey,269600
KAZ,KÃ¶kshetau,123400
KAZ,Almaty,1129400
KAZ,Petropavl,203500
KAZ,Oral,195500
KAZ,Aqtau,143400
KAZ,Rudnyy,109500
KEN,Nairobi,2290000
KEN,Machakos,116293
KEN,Nyeri,91258
KEN,Nakuru,163927
KHM,Phnom Penh,570155
KHM,Battambang,129800
KIR,Bikenibeu,5055
KIR,Bairiki,2226
KOR,Pusan,3804522
Kadoma,JPN,138953
Kaduna,NGA,342200
Kafr al-Dawwar,EGY,231978
Kafr al-Shaykh,EGY,124819
Kaiserslautern,DEU,100025
Kaiyuan,CHN,124219
Kakamigahara,JPN,131831
Kaliningrad,RUS,424400
Kalookan,PHL,1177604
Kamagaya,JPN,100821
Kameoka,JPN,92398
Kananga,COD,393030
Kanazawa,JPN,455386
Kanchipuram,IND,150100
Kano,NGA,674100
Kanpur Cantonment,IND,93109
Kanton [Guangzhou],CHN,4256300
Karbala,IRQ,296705
Kars,TUR,93000
Kashiwa,JPN,320296
Kashiwazaki,JPN,91229
Kasukabe,JPN,201838
Katowice,POL,345934
Kawachinagano,JPN,119666
Kawagoe,JPN,327211
Kawanishi,JPN,149794
Kawasaki,JPN,1217359
Kayseri,TUR,475657
KecskemÃ©t,HUN,105606
Kediri,IDN,253760
Keelung (Chilung),TWN,385201
Kelang,MYS,243355
Kendari,IDN,94800
Kerman,IRN,384991
Khomeynishahr,IRN,165888
Khujand,TJK,161500
Kidapawan,PHL,101205
Kimchaek,PRK,179000
Kimchon,KOR,147027
Kimhae,KOR,256370
Kimitsu,JPN,93216
Kingston,JAM,103962
Kingstown,VCT,17100
Kioto,JPN,1461974
Kirov,RUS,466200
Kiryu,JPN,118326
Kiseljovsk,RUS,110000
Kisumu,KEN,192733
Kitwe,ZMB,288600
Klerksdorp,ZAF,261911
Knoxville,USA,173890
Kofu,JPN,199753
Kokubunji,JPN,106996
Komatsu,JPN,107937
Komsomolsk-na-Amure,RUS,291600
Korba,IND,124501
Korolev,RUS,132400
Koror,PLW,12000
Koshigaya,JPN,301446
Kostjantynivka,UKR,95000
Kota,IND,537371
Kota Bharu,MYS,219582
KoÅ¡ice,SVK,241874
Kragujevac,YUG,147305
KrakÃ³w,POL,738150
Kramatorsk,UKR,186000
Krasnyi LutÅ¡,UKR,101000
Krefeld,DEU,241769
Ksar el Kebir,MAR,107065
Kuala Lumpur,MYS,1297526
Kuching,MYS,148059
Kueishan,TWN,112195
Kukatpalle,IND,185378
Kumbakonam,IND,139483
Kumo,NGA,148000
Kurnool,IND,236800
Kusatsu,JPN,106232
Kuwait,KWT,28859
Kwangmyong,KOR,350914
Kyongju,KOR,272968
Kyzyl,RUS,101100
KÃ¸benhavn,DNK,495699
La Ceiba,HND,89200
La Matanza,ARG,1266461
La Rioja,ARG,138117
Lagos,NGA,1518000
Lagos de Moreno,MEX,127949
Lakewood,USA,144126
Lalbahadur Nagar,IND,155500
LambarÃ©,PRY,99681
Lancaster,USA,118718
Langfang,CHN,148105
Laohekou,CHN,123366
Larisa,GRC,113090
Lashio (Lasho),MMR,107600
Latur,IND,197408
Le Mans,FRA,146105
LeganÃ©s,ESP,173163
Legnica,POL,109335
Leipzig,DEU,489532
Lerdo,MEX,112272
Lerma,MEX,99714
Leshan,CHN,341128
Liaoyang,CHN,492559
Liaoyuan,CHN,354141
Liepaja,LVA,89439
Ligao,PHL,90603
Lille,FRA,184657
Lincoln,USA,225581
Linfen,CHN,187309
LinkÃ¶ping,SWE,133168
Lipetsk,RUS,521000
Liverpool,GBR,461000
Livonia,USA,100545
LomÃ©,TGO,375000
London,CAN,339917
Long Beach,USA,461522
Longjing,CHN,139417
Longyearbyen,SJM,1438
Los Cabos,MEX,105199
Lowell,USA,105167
Luanda,AGO,2022000
Luanshya,ZMB,118100
Lubbock,USA,199564
Lucknow,IND,1619115
Ludwigshafen am Rhein,DEU,163771
Lund,SWE,98948
LuziÃ¢nia,BRA,125597
LÃ¡zaro CÃ¡rdenas,MEX,170878
Mabalacat,PHL,171045
Macao,MAC,437500
Macon,USA,113336
Macuspana,MEX,133795
Madison,USA,208054
MagÃ©,BRA,196147
Mahbubnagar,IND,116833
Maidstone,GBR,90878
Maizuru,JPN,94784
Majalaya,IDN,93200
Makurdi,NGA,123100
Malabo,GNQ,40000
Malatya,TUR,330312
Malaybalay,PHL,123672
Malita,PHL,100000
Malungon,PHL,93232
Malvinas Argentinas,ARG,290335
Managua,NIC,959000
Manchester,GBR,430000
Mandaluyong,PHL,278474
Mandaue,PHL,259728
Mango,IND,110024
Manzhouli,CHN,120023
Mar del Plata,ARG,512880
MarabÃ¡,BRA,167795
MaracanaÃº,BRA,162022
Marawi,PHL,131090
Marbella,ESP,101144
Maribor,SVN,115532
Marikina,PHL,391170
Maroua,CMR,143000
Marseille,FRA,798430
MartÃ­nez de la Torre,MEX,118815
MarÃ­lia,BRA,188691
Masaya,NIC,88971
Masqat,OMN,51969
Mataram,IDN,306600
Matola,MOZ,424662
Matsusaka,JPN,123582
Maunath Bhanjan,IND,136697
Maxixe,MOZ,93985
MayagÃ¼ez,PRI,98434
Mazar-e-Sharif,AFG,127800
Mbuji-Mayi,COD,806475
Medan,IDN,1843919
Mekka,SAU,965700
Mendoza,ARG,123027
Mersin (IÃ§el),TUR,587212
Meru,KEN,94947
Metairie,USA,149428
Metepec,MEX,194265
Mianyang,CHN,262947
Miaoli,TWN,90000
Midnapore (Medinipur),IND,125498
Midsayap,PHL,105760
Mingora,PAK,174500
MingÃ¤Ã§evir,AZE,93900
Minoo,JPN,127026
Miryang,KOR,121501
Mirzapur-cum-Vindhyachal,IND,169336
Mishima,JPN,109699
Misrata,LBY,121669
Mit Ghamr,EGY,101801
Modinagar,IND,101660
Moers,DEU,106837
Moga,IND,108304
Moji das Cruzes,BRA,339194
Moji-GuaÃ§u,BRA,123782
Mojokerto,IDN,96626
Monaco-Ville,MCO,1234
Monrovia,LBR,850000
MontrÃ©al,CAN,1016376
Morena,IND,147124
Moriguchi,JPN,155941
Morioka,JPN,287353
Morogoro,TZA,117800
Morvi,IND,90357
Mostaganem,DZA,115212
Mount Darwin,ZWE,164362
Munich [MÃ¼nchen],DEU,1194560
Murwara (Katni),IND,163431
Muzaffargarh,PAK,121600
Mwene-Ditu,COD,137459
Myingyan,MMR,103600
Mykolajiv,UKR,508000
MytiÅ¡tÅ¡i,RUS,155700
MÃ¡laga,ESP,530553
MÃ¼lheim an der Ruhr,DEU,173895
MÃ¼nster,DEU,264670
NLD,Zaanstad,135621
NLD,Haarlem,148772
NLD,Dordrecht,119811
NLD,Delft,95268
NLD,Ede,101574
NLD,Amsterdam,731200
NLD,Maastricht,122087
NLD,Eindhoven,201843
NLD,Enschede,149544
NLD,Breda,160398
NLD,Utrecht,234323
NLD,Zoetermeer,110214
Nablus,PSE,100231
Naga,PHL,137810
Nagano,JPN,361391
Nagaoka,JPN,192407
Najran,SAU,91000
Nakhon Ratchasima,THA,181400
Namangan,UZB,370500
Namibe,AGO,118200
Nampo,PRK,566200
Namur,BEL,105419
Namwon,KOR,103544
Namyangju,KOR,229060
Nanchang,CHN,1691600
Nanchong,CHN,180273
Nantes,FRA,270251
Naperville,USA,128358
Nara,JPN,362812
Narayanganj,BGD,202134
Navolato,MEX,145396
Nawabganj,BGD,130577
Neijiang,CHN,256012
New Bombay,IND,307297
Newcastle,AUS,270324
Nigel,ZAF,96734
Niigata,JPN,497464
Nijmegen,NLD,152463
Ningbo,CHN,1371200
Nishinomiya,JPN,397618
Nishio,JPN,100032
Nizamabad,IND,241034
Niznevartovsk,RUS,233900
Noda,JPN,121030
North Shore,NZL,187700
North York,CAN,622632
Norwalk,USA,103298
NoumÃ©a,NCL,76293
NouÃ¢dhibou,MRT,97600
Nova IguaÃ§u,BRA,862225
Novo Hamburgo,BRA,239940
Novomoskovsk,RUS,138100
Novopolotsk,BLR,106000
NovotÅ¡erkassk,RUS,184400
Nuuk,GRL,13445
Oakland,USA,399484
Oakville,CAN,139192
Oaxaca de JuÃ¡rez,MEX,256848
Oberhausen,DEU,222349
Ocumare del Tuy,VEN,97168
Odesa,UKR,1011000
Odessa,USA,89293
Offenbach am Main,DEU,116627
Okayama,JPN,624269
Olinda,BRA,354732
Olmalik,UZB,114900
Olomouc,CZE,102702
Omdurman,SDN,1271403
Ongole,IND,100836
Onitsha,NGA,371900
Opole,POL,129553
Oradea,ROM,222239
Osasco,BRA,659604
Osh,KGZ,222700
Osijek,HRV,104761
Oslo,NOR,508726
Osorno,CHL,141468
Ota,JPN,145317
OthÃ³n P. Blanco (Chetumal),MEX,208014
Oujda,MAR,365382
Oulu,FIN,120753
Ourense (Orense),ESP,109120
Ourinhos,BRA,96291
Oyama,JPN,152820
PHL,Legazpi,157010
PHL,Davao,1147116
PHL,Laoag,94466
PHL,Dipolog,99862
PHL,Cavite,99367
PHL,Angeles,263971
PHL,Tacloban,178639
PHL,Baguio,252386
PHL,Silay,107722
PHL,Santa Maria,144282
PHL,Ozamis,110420
PHL,Malasiqui,113190
PHL,BiÃ±an,201186
PHL,Quezon,2173831
PHL,Arayat,101792
PHL,San Pedro,231403
PHL,General Mariano Alvarez,112446
PHL,San Carlos,118259
PHL,Iligan,285061
PHL,Pasig,505058
PHL,San Mateo,135603
PHL,Santa Cruz,92694
PHL,Dagupan,130328
PHL,Bago,141721
PHL,Makati,444867
PHL,Nasugbu,96113
PHL,Cabuyao,106630
PHL,Taytay,198183
PHL,Taguig,467375
PHL,Pasay,354908
PHL,DasmariÃ±as,379520
PHL,Tuguegarao,120645
PHL,Baybay,95630
PHL,Tagum,179531
PHL,Panabo,133950
PHL,Calbayog,147187
PHL,Navotas,230403
PHL,Tanza,110517
PHL,Silang,156137
PHL,Kabankalan,149769
PHL,Daraga (Locsin),101031
PHL,Surigao,118534
PHL,Cotabato,163849
PHL,Butuan,267279
PHL,Valenzuela,485433
PHL,Malabon,338855
PHL,Talavera,97329
PHL,Concepcion,115171
PHL,Calapan,105910
PHL,Bacolod,429076
PHL,Digos,125171
PHL,Olongapo,194260
PHL,San Jose,111009
PHL,Lubao,125699
PHL,Cauayan,103952
PHL,San Fernando,102082
PHL,Sorsogon,92512
PHL,Lipa,218447
PRK,Pyongyang,2484000
PRK,Sinuiju,326011
PRK,Haeju,229172
PRK,Sariwon,254146
PRK,Hyesan,178020
PRK,Hamhung,709730
Pabna,BGD,103277
Palma de Mallorca,ESP,326993
Pangkal Pinang,IDN,124000
Panjin,CHN,362773
Parakou,BEN,103577
ParaÃ±aque,PHL,449811
Parbhani,IND,190255
Parma,ITA,168717
ParnaÃ­ba,BRA,129756
Passos,BRA,98570
Pasuruan,IDN,134019
Patos,BRA,90519
Pavlodar,KAZ,300500
Pegu (Bago),MMR,190900
Percut Sei Tuan,IDN,129000
Pereira,COL,381725
Peristerion,GRC,137288
Perth,AUS,1096829
Pescara,ITA,115698
Petah Tiqwa,ISR,159400
Phoenix,USA,1321045
Phyongsong,PRK,272934
Piacenza,ITA,98384
Piatra Neamt,ROM,125070
Pinar del RÃ­o,CUB,142100
Pingchen,TWN,188344
Pingyi,CHN,89373
Pinhais,BRA,98198
Piracicaba,BRA,319104
Pisa,ITA,92379
Piura,PER,325000
Pontianak,IDN,409632
PopayÃ¡n,COL,200719
Port Harcourt,NGA,410000
Port Moresby,PNG,247000
Port Sudan,SDN,308195
Port-of-Spain,TTO,43396
Porto Alegre,BRA,1314032
Posadas,ARG,201273
Potsdam,DEU,128983
Praha,CZE,1181126
Praia,CPV,94800
Prizren,YUG,92303
Pueblo,USA,102121
Puerto Princesa,PHL,161912
Puerto Vallarta,MEX,183741
Puno,PER,101578
Puqi,CHN,117264
Puri,IND,125199
Purulia,IND,92574
PÃ¡nuco,MEX,90551
Qaemshahr,IRN,143286
Qazvin,IRN,291117
Qidong,CHN,126872
Qiqihar,CHN,1070000
Qomsheh,IRN,89800
Qostanay,KAZ,221400
Quanzhou,CHN,185154
Queimados,BRA,115020
Quilmes,ARG,559249
Quzhou,CHN,112373
Qyzylorda,KAZ,157400
Rae Bareli,IND,129904
Rahim Yar Khan,PAK,228479
Raiganj,IND,151045
Rajahmundry,IND,324851
Rajapalaiyam,IND,114202
Raleigh,USA,276093
Rampur,IND,243742
Randburg,ZAF,341288
Randfontein,ZAF,120838
Ravenna,ITA,138418
Rawalpindi,PAK,1406214
Reading,GBR,148000
Reggio di Calabria,ITA,179617
Rehovot,ISR,90300
Renqiu,CHN,114256
Resistencia,ARG,229212
ReykjavÃ­k,ISL,109184
Reynosa,MEX,419776
Richmond,CAN,148867
Richmond Hill,CAN,116428
Rio de Janeiro,BRA,5598953
Rishon Le Ziyyon,ISR,188200
Roanoke,USA,93357
Rochdale,GBR,94313
Roubaix,FRA,96984
Roxas,PHL,126352
Ruda Slaska,POL,159665
RuiÂ´an,CHN,156468
Ruse,BGR,166467
Rustavi,GEO,155400
RÃ­obamba,ECU,123163
SLV,San Miguel,127696
SLV,Santa Ana,139389
SLV,San Salvador,415346
SaarbrÃ¼cken,DEU,183836
Saga,JPN,170034
Saidpur,BGD,96777
Saint JohnÂ´s,ATG,24000
Saint-Denis,REU,131480
Saint-Louis,SEN,132400
Sakarya (Adapazari),TUR,190641
Salala,OMN,131813
Salamanca,MEX,226864
Salatiga,IDN,103000
Salem,IND,366712
Salem,USA,136924
Salt Lake City,USA,181743
Salvatierra,MEX,94322
Salzburg,AUT,144247
San AndrÃ©s Tuxtla,MEX,142251
San Bernardo,CHL,241910
San Carlos,PHL,154264
San Felipe,MEX,95305
San Felipe de Puerto Plata,DOM,89423
San Fernando,PHL,221857
San Fernando,ARG,153036
San Francisco,USA,776733
San Francisco del RincÃ³n,MEX,100149
San Jose,PHL,108254
San Juan,PRI,434374
San Marino,SMR,2294
San Miguel,ARG,248700
San Pablo,PHL,207927
San Pedro Garza GarcÃ­a,MEX,126147
San Pedro de la Paz,CHL,91684
San Salvador de Jujuy,ARG,178748
Santa Coloma de Gramenet,ESP,120802
Santa Cruz de Tenerife,ESP,213050
Santa Cruz de la Sierra,BOL,935361
Santa FÃ©,ARG,353063
Santa Rosa,PHL,185633
Santana do Livramento,BRA,91779
Santiago,PHL,110531
Santiago de los Caballeros,DOM,365463
Saqqez,IRN,115394
Saratov,RUS,874000
Sargodha,PAK,455360
Sari,IRN,195882
Sariaya,PHL,114568
Sasaram,IND,98220
Saskatoon,CAN,193647
Sassari,ITA,120803
Satara,IND,95133
Savannakhet,LAO,96652
Scarborough,CAN,594501
Sekondi-Takoradi,GHA,103653
Semarang,IDN,1104405
Seoul,KOR,9981619
Serampore,IND,137028
Serang,IDN,122400
Serekunda,GMB,102600
Sfax,TUN,257800
Shahrud,IRN,104765
Shaki,NGA,174500
Shanghai,CHN,9696300
Shangzi,CHN,215373
Shantou,CHN,580000
Shibin al-Kawm,EGY,159909
Shikarpur,PAK,133300
Shillong,IND,131719
Shimonoseki,JPN,257263
Shulin,TWN,151260
Shymkent,KAZ,360100
Simferopol,UKR,339000
Siping,CHN,317223
Sirjan,IRN,135024
Sittwe (Akyab),MMR,137600
Sivas,TUR,246642
Skikda,DZA,128747
Sliven,BGR,105530
Slovjansk,UKR,127000
Slupsk,POL,102370
Smolensk,RUS,353400
Sofija,BGR,1122302
Sogamoso,COL,107728
Sokoto,NGA,204900
Solapur (Sholapur),IND,604215
Soledad de Graciano SÃ¡nchez,MEX,179956
Songnam,KOR,869094
Sorocaba,BRA,466823
Sousse,TUN,145900
South Bend,USA,107789
South Dum Dum,IND,232811
Soyapango,SLV,129800
Spokane,USA,195629
Springfield,USA,152082
St Petersburg,RUS,4694000
Stanley,FLK,1636
Stockport,GBR,132813
Stoke-on-Trent,GBR,252000
Suez,EGY,417610
Suihua,CHN,227881
Suizhou,CHN,142302
Sukkur,PAK,329176
Sultan Kudarat,PHL,94861
Sunderland,GBR,183310
Sunrise Manor,USA,95362
Suqian,CHN,105021
Surendranagar,IND,105973
Surgut,RUS,274900
Surrey,CAN,304477
Sutton Coldfield,GBR,106001
Suzuka,JPN,184061
Swansea,GBR,230000
Sydney,AUS,3276207
Szeged,HUN,158158
SÃ£o Caetano do Sul,BRA,133321
SÃ£o Vicente,BRA,286848
Tabaco,PHL,107166
Tabriz,IRN,1191043
Taejon,KOR,1425835
Tafuna,ASM,5200
Tainan,TWN,728060
Taiyuan,CHN,1968400
Taizhou,CHN,152442
Taizz,YEM,317600
Takamatsu,JPN,332471
Takaoka,JPN,174380
Takasaki,JPN,239124
Tallinn,EST,403981
Tampere,FIN,195468
Tampico,MEX,294789
Tanauan,PHL,117539
Tando Adam,PAK,103400
Tanger,MAR,521735
Taonan,CHN,150168
Tarija,BOL,125255
TaubatÃ©,BRA,229130
TecÃ¡mac,MEX,172410
Teixeira de Freitas,BRA,108441
Temapache,MEX,102824
Tenali,IND,143726
Ternopil,UKR,236000
Terrassa,ESP,168695
Tete,MOZ,101984
ThiÃ¨s,SEN,248000
Tiefa,CHN,131807
Tieli,CHN,265683
Tiruvannamalai,IND,109196
Tlaquepaque,MEX,475472
Toda,JPN,103969
Tokushima,JPN,269649
Toluca,MEX,665617
TonalÃ¡,MEX,336109
Tondabayashi,JPN,125094
Tong-yong,KOR,131717
Torbat-e Heydariyeh,IRN,94600
Torino,ITA,903705
Torre del Greco,ITA,94505
TorrejÃ³n de Ardoz,ESP,92262
Tottori,JPN,147523
Trieste,ITA,216459
Tsaotun,TWN,96800
Tshikapa,COD,180860
Tsukuba,JPN,160768
Tucheng,TWN,224897
Tulcea,ROM,96278
Tumen,CHN,91471
Tungi,BGD,168702
Tychy,POL,133178
TÃ¢rgoviste,ROM,98980
TÅ¡erepovets,RUS,324400
TÅ¡erkasy,UKR,309000
TÅ¡ernivtsi,UKR,259000
Uberaba,BRA,249225
UberlÃ¢ndia,BRA,487222
Ubon Ratchathani,THA,116300
Ufa,RUS,1091200
Ulanhot,CHN,159538
Unnao,IND,107425
Urasoe,JPN,96002
Urawa,JPN,469675
Urayasu,JPN,127550
Uruguaiana,BRA,126305
Ust-Ilimsk,RUS,105200
Utsunomiya,JPN,440353
VGB,Road Town,8000
Vacoas-Phoenix,MUS,98464
Vadodara (Baroda),IND,1031346
Valdivia,CHL,133106
Valencia,PHL,147924
Valencia,ESP,739412
Valledupar,COL,263247
ValparaÃ­so,CHL,293800
Varamin,IRN,107233
Velikije Luki,RUS,116300
Vellore,IND,175061
Venezia,ITA,277305
Vereeniging,ZAF,328535
Victoria,SYC,41000
Victoria de las Tunas,CUB,132350
Vigo,ESP,283670
Vihari,PAK,92300
Villa Nueva,GTM,101295
Villeurbanne,FRA,124215
Vilnius,LTU,577969
Vinnytsja,UKR,391000
Viransehir,TUR,106400
Visalia,USA,91762
VitÃ³ria,BRA,270626
VitÃ³ria de Santo AntÃ£o,BRA,113595
Vladivostok,RUS,606200
Wad Madani,SDN,211362
Wafangdian,CHN,251733
Walsall,GBR,174739
Wardha,IND,102985
Warri,NGA,126100
Watford,GBR,113080
Weihai,CHN,128888
Weno,FSM,22000
West Island,CCK,167
Wien,AUT,1608144
Witten,DEU,103384
Wonju,KOR,237460
Wuhan,CHN,4344600
Wuhu,CHN,425740
Wuppertal,DEU,368993
Wuwei,CHN,133101
Wuxi,CHN,830000
Wuzhou,CHN,210452
Xalapa,MEX,390058
Xianning,CHN,136811
Xiaoshan,CHN,162930
Xilin Hot,CHN,90646
Xining,CHN,700200
Xinxiang,CHN,473762
Xinyang,CHN,192509
Xinzhou,CHN,98667
XiÂ´an,CHN,2761400
YEM,Hodeida,298500
YEM,Sanaa,503600
YUG,Novi Sad,179626
YUG,Podgorica,135000
YUG,NiÅ¡,175391
Yakeshi,CHN,377869
Yamato,JPN,208234
Yamoussoukro,CIV,130000
Yangor,NRU,4050
Yangsan,KOR,163351
Yanji,CHN,230892
Yantai,CHN,452127
YanÂ´an,CHN,113277
YaÂ´an,CHN,95900
Yerevan,ARM,1248700
Yichun,CHN,800000
Yinchuan,CHN,544500
Yizheng,CHN,109268
Yokosuka,JPN,430200
Yonago,JPN,136461
Yongchon,KOR,113511
Yosu,KOR,183596
Yulin,CHN,144467
Yuncheng,CHN,108359
ZAF,Welkom,203296
ZAF,Witbank,167183
ZAF,Wonderboom,283289
ZAF,George,93818
ZAF,Pietermaritzburg,370190
ZAF,Kimberley,197254
ZAF,Paarl,105768
ZAF,Cape Town,2352121
ZAF,Pretoria,658630
ZAF,Vanderbijlpark,468931
ZAF,Umlazi,339233
ZAF,Roodepoort,279340
ZAF,Potchefstroom,101817
ZAF,Soshanguve,242727
ZAF,Springs,162072
ZAF,Port Elizabeth,752319
ZAF,Brakpan,171363
ZAF,Mdantsane,182639
ZAF,Pinetown,378810
Zabrze,POL,200177
Zagazig,EGY,267351
Zahedan,IRN,419518
Zamboanga,PHL,601794
Zamora,MEX,161191
Zanzibar,TZA,157634
Zapopan,MEX,1002239
Zenica,BIH,96027
Zhangjiang,CHN,400997
Zhaoqing,CHN,194784
Zhezqazghan,KAZ,90000
Zhuhai,CHN,164747
Zhuzhou,CHN,409924
Zinacantepec,MEX,121715
Zukovski,RUS,96500
Zwolle,NLD,105819
ZÃ¼rich,CHE,336800
al-Ayn,ARE,225970
al-Diwaniya,IRQ,196519
al-Fashir,SDN,141884
al-Kharj,SAU,152100
al-Mansura,EGY,369621
al-Mubarraz,SAU,219100
al-Qamishliya,SYR,144286
al-Raqqa,SYR,108020
al-Rusayfa,JOR,137247
al-Taif,SAU,416100
al-Tuqba,SAU,125700
Ãguas Lindas de GoiÃ¡s,BRA,89200
Ã‡orum,TUR,145495
Å ahty,RUS,221800
Å iauliai,LTU,146563
Å ostka,UKR,90000
